{"k3": [[-73.917900477272724, 40.652604649407117], [-73.98401817134831, 40.617760194007488], [-73.958104164516129, 40.696244234879032]], "k2": [[-73.936700455518761, 40.678512931456957], [-73.978559361746036, 40.620168763174604]], "k6": [[-74.004020548085109, 40.634358422127661], [-73.903576869662928, 40.663656170037456], [-73.968014456465511, 40.593493611206895], [-73.977064499999997, 40.679413712077292], [-73.94727464733333, 40.706165478999999], [-73.938742569491524, 40.640643424406782]], "k5": [[-73.968780076446279, 40.594349011570245], [-73.904045526909087, 40.664571967999997], [-74.001743391428576, 40.640923180000001], [-73.938965198639451, 40.64070457619048], [-73.956273694831467, 40.698929548089886]], "k4": [[-73.955920542763153, 40.698479389473682], [-73.964099484306573, 40.597296355839418], [-73.917677175255619, 40.654907433128834], [-73.997904876025231, 40.640452677602525]]}