{"k3": [[-74.000496208823535, 40.650514253231151], [-73.91542324710035, 40.811779111296019], [-73.812253305322301, 40.70324593991721]], "k2": [[-73.995989365412711, 40.660506834806426], [-73.85880107579105, 40.764424046477615]], "k6": [[-73.962964937104431, 40.641540335996837], [-73.897637988981643, 40.844756350584305], [-74.129512137373737, 40.583810258585856], [-73.773472705868812, 40.701247621058691], [-73.967966243041033, 40.74044215486726], [-73.860653744455348, 40.714056248773311]], "k5": [[-73.956790697464015, 40.740923003906786], [-73.956887707402132, 40.644768360427044], [-73.803557531523879, 40.706401952321777], [-73.896558046833334, 40.844422831000003], [-74.129512137373737, 40.583810258585856]], "k4": [[-73.805425320780046, 40.706466995716113], [-73.961915939732691, 40.681849526204942], [-73.903914977677999, 40.82828092514432], [-74.129321329233875, 40.583865817741938]]}